string,lexicality,ope,Lpe,spe,letter_length,in_lexicon,ope_norm,Lpe_norm,spe_norm,oLpe_norm_sum,ospe_norm_sum,Lspe_norm_sum,oLspe_norm_sum
Abend,word,359.73684,4.684210526315789,3.8947368421052633,5,False,0.04496710499999999,0.9368421052631579,0.9736842105263158,0.9818092102631579,1.0186513155263157,1.9105263157894736,1.9554934207894736
Abart,word,347.26316,4.684210526315789,3.8947368421052633,5,False,0.043407895,0.9368421052631579,0.9736842105263158,0.9802500002631579,1.0170921055263158,1.9105263157894736,1.9539342107894737
Bdhnf,non-word,361.05263,4.842105263157896,3.947368421052632,5,False,0.045131578750000005,0.9684210526315791,0.986842105263158,1.013552631381579,1.031973684013158,1.955263157894737,2.000394736644737
Bcckt,non-word,308.42105,4.578947368421053,3.947368421052632,5,False,0.03855263125,0.9157894736842106,0.986842105263158,0.9543421049342106,1.025394736513158,1.9026315789473687,1.9411842101973686
