,string,lexicality,ope,ape,spe,spe_inverted,letter_length,in_lexicon,ope_norm,ape_norm,spe_norm,oape_norm_sum,ospe_norm_sum,aspe_norm_sum,oaspe_norm_sum,oaspe_norm_mult
0,Acker,word,361.37162,4.702059202059202,3.9533462033462037,4,5,True,0.0451714525,0.9404118404118403,0.9883365508365509,0.9855832929118403,1.033508003336551,1.9287483912483911,1.9739198437483911,0.04198430815596508
1,Adern,word,373.59041,4.726833976833976,3.9501287001287,4,5,True,0.046698801250000005,0.9453667953667952,0.987532175032175,0.9920655966167953,1.034230976282175,1.9328989703989703,1.9795977716489703,0.043597072831225596
2,Abend,word,389.59942,4.8111325611325615,3.9517374517374515,4,5,True,0.048699927500000004,0.9622265122265123,0.9879343629343629,1.0109264397265123,1.0366342904343628,1.9501608751608752,1.9988608026608752,0.046294961270784966
3,Bgrkq,non-word,408.8639,4.806306306306307,3.92985842985843,4,5,False,0.0511079875,0.9612612612612613,0.9824646074646075,1.0123692487612612,1.0335725949646075,1.9437258687258687,1.9948338562258687,0.048266647506563634
4,Bgtts,non-word,353.66506,4.648970398970399,3.92985842985843,4,5,False,0.0442081325,0.9297940797940798,0.9824646074646075,0.9740022122940798,1.0266727399646074,1.9122586872586873,1.9564668197586872,0.040383677038349344
5,Bdhnf,non-word,374.51641,4.805341055341056,3.92985842985843,4,5,False,0.04681455125,0.9610682110682112,0.9824646074646075,1.0078827623182112,1.0292791587146075,1.9435328185328187,1.9903473697828187,0.044203025043777995
